"ID","Epic","Hạng mục","Vai trò thụ hưởng","Loại","MoSCoW","Đợt","Effort","Rủi ro gốc","Phụ thuộc","Giá trị nghiệp vụ","Tiêu chí chấp nhận (Given / When / Then)","Ghi chú kỹ thuật"
"TCK-B001","E01 Ổn định vận hành","Bộ lọc và chiến dịch gán nhóm xử lý cho danh mục còn thiếu","Quản trị viên danh mục","Cấu hình","MUST","Đợt 0","S","R1","-","Gỡ điểm chặn vận hành số 1: 232/234 danh mục chưa gán nhóm khiến bước quy trình con không chuyển tiếp được","AC-1 [EC-0 happy]: Given màn /tickets/catalog có bộ lọc Trạng thái nhóm; When admin chọn giá trị Chưa gán nhóm; Then danh sách chỉ trả các danh mục lá có default_group_id IS NULL và tổng số khớp với truy vấn đếm phía backend.
AC-2 [EC-1 empty]: Given mọi danh mục lá đã có nhóm; When admin mở bộ lọc Chưa gán nhóm; Then hiển thị trạng thái rỗng với thông điệp Tất cả danh mục đã được gán nhóm xử lý.
AC-3 [EC-5 authz]: Given người dùng không có quyền ticket_catalog:read; When gọi endpoint danh sách kèm bộ lọc mới; Then trả 403 kèm mã lỗi ổn định.","Chỉ thêm điều kiện lọc vào ticket_request_type_repository_impl; giao diện gán nhóm đã tồn tại từ phase 460"
"TCK-B002","E01 Ổn định vận hành","Cảnh báo trực quan trên danh mục chưa gán nhóm","Quản trị viên danh mục","UX","MUST","Đợt 0","S","R1","TCK-B001","Ngăn quản trị viên tạo mới danh mục rồi quên cấu hình, tái diễn tình trạng hiện tại","AC-1 [EC-0 happy]: Given một danh mục lá có default_group_id IS NULL; When hiển thị hàng trong bảng danh mục; Then hiện chip cảnh báo màu cảnh báo với nội dung Chưa gán nhóm - bước sẽ không chuyển tiếp được.
AC-2 [EC-0 happy]: Given danh mục đã có nhóm; When hiển thị hàng; Then không có chip cảnh báo nào.
AC-3: Given chip cảnh báo hiển thị; When kiểm tra bằng axe-core; Then 0 lỗi tương phản mức serious ở cả nền sáng và tối.","Component dùng lại SlaChip"
"TCK-B003","E01 Ổn định vận hành","Chặn lưu blueprint có bước trỏ tới danh mục chưa gán nhóm","Quản trị viên danh mục","Quy tắc nghiệp vụ","SHOULD","Đợt 0","M","R1","TCK-B001","Biến lỗi cấu hình từ lỗi phát hiện khi vận hành thành lỗi phát hiện ngay lúc cấu hình","BR-1: Một danh mục kind=process không được lưu nếu tồn tại bước trỏ tới danh mục lá có default_group_id IS NULL.
AC-1 [EC-0 happy]: Given mọi bước của blueprint trỏ tới danh mục lá đã có nhóm; When admin lưu; Then lưu thành công và trả 200.
AC-2 [EC-7 state]: Given blueprint có 2 bước trỏ tới danh mục lá thiếu nhóm; When admin lưu; Then trả 400 với mã lỗi CATALOG_STEP_GROUP_MISSING và payload liệt kê đúng 2 mã danh mục thiếu.
AC-3 [EC-12 migration]: Given các blueprint cũ đã lưu từ trước và đang vi phạm quy tắc; When mở để xem; Then vẫn xem được và hiện cảnh báo, không bị chặn đọc.","Enforce ở ticket_catalog_service; không backfill dữ liệu cũ"
"TCK-B004","E01 Ổn định vận hành","Bảng sức khoẻ cấu hình module Ticket","Quản trị viên hệ thống","Giám sát","COULD","Đợt 0","M","R1","TCK-B001","Một màn hình duy nhất để kiểm tra module đã sẵn sàng vận hành hay chưa","AC-1 [EC-0 happy]: Given màn hình sức khoẻ cấu hình; When mở; Then hiển thị đúng 5 chỉ số: số danh mục thiếu nhóm, số nhóm không có thành viên, số workflow không có trạng thái khởi tạo, số danh mục lá thiếu SLA, số chính sách SLA trùng lặp.
AC-2 [EC-10 scale]: Given 1000 danh mục; When mở màn hình; Then thời gian phản hồi backend dưới 800ms và không quá 5 truy vấn.","Truy vấn tổng hợp riêng, không tái dùng list endpoint"
"TCK-B005","E02 Khôi phục hồ sơ","Khôi phục tệp lộ trình và tệp trạng thái tổng của quy trình GSD","Đội phát triển","Quản trị dự án","MUST","Đợt 0","S","R5","-","Không có sổ nợ thì mọi kế hoạch sau đều thiếu căn cứ; hiện lộ trình là symlink hỏng và trạng thái tổng đã mất","AC-1 [EC-0 happy]: Given tệp lộ trình hiện là symlink hỏng; When chạy lệnh kiểm tra hồ sơ; Then tệp lộ trình đọc được như tệp thường và chứa đầy đủ mục cho các phase từ 400 tới hiện tại.
AC-2 [EC-0 happy]: Given tệp trạng thái tổng bị mất; When chạy hook sinh trạng thái; Then tệp được tạo lại và bảng theo dõi hiển thị đúng phase mới nhất là 494 chứ không phải 469.","Kiểm tra vì sao hook sinh trạng thái ngừng chạy từ phase 470"
"TCK-B006","E02 Khôi phục hồ sơ","Bổ sung hồ sơ phase 489 và biên bản kiểm chứng phase 493","Đội phát triển","Quản trị dự án","MUST","Đợt 0","S","R5","TCK-B005","Hai phase đã phát hành nhưng thiếu hồ sơ; không truy vết được phạm vi và kết quả kiểm thử","AC-1 [EC-0 happy]: Given phase 489 đã ship migration 000272 nhưng không có thư mục hồ sơ; When hoàn tất hạng mục; Then thư mục phase 489 tồn tại với đủ PLAN, SUMMARY và VERIFICATION mô tả đúng phạm vi đã ship.
AC-2 [EC-0 happy]: Given phase 493 thiếu biên bản kiểm chứng; When hoàn tất; Then biên bản tồn tại và ghi lại đúng các carve-out CO-493-drift và CO-493-lint.","Tái dựng từ RELEASE.md v2.6.0 và danh sách carve-out"
"TCK-B007","E02 Khôi phục hồ sơ","Cổng CI kiểm tra tính toàn vẹn hồ sơ phase","Đội phát triển","Quản trị dự án","SHOULD","Đợt 0","M","R5","TCK-B006","Ngăn tái diễn tình trạng phase ship mà không có hồ sơ","AC-1 [EC-0 happy]: Given một phase có commit được đánh dấu đã ship; When chạy cổng CI; Then cổng đạt nếu và chỉ nếu thư mục phase có đủ PLAN, SUMMARY, VERIFICATION.
AC-2 [EC-11 failure]: Given phase thiếu biên bản kiểm chứng; When chạy cổng CI; Then cổng trượt và in ra đúng tên tệp còn thiếu.","Script kiểm tra chạy trong bước ship"
"TCK-B008","E03 Hạ tầng kiểm thử","Dựng lại môi trường live stack cho worktree phát triển","Đội phát triển","Hạ tầng","MUST","Đợt 0","M","R4","-","Đóng khoảng mù kéo dài 36 phase không kiểm thử được giao diện thật","AC-1 [EC-0 happy]: Given một worktree mới tạo; When chạy lệnh dựng môi trường; Then backend và frontend cùng chạy được và đăng nhập thành công bằng tài khoản seed trong dưới 5 phút.
AC-2 [EC-11 failure]: Given thiếu chứng thư ký trong môi trường; When dựng; Then script tự sinh chứng thư dùng cho phát triển thay vì để test đỏ.","Xử lý luôn khoảng trống dev_private.pem đã gây carve-out ở phase 483 và 490"
"TCK-B009","E03 Hạ tầng kiểm thử","Chạy dồn 6 Open Checkpoint đang treo","QA","Kiểm thử","MUST","Đợt 0","M","R4","TCK-B008","Xác nhận chất lượng giao diện của 36 phase chưa từng được kiểm chứng bằng trình duyệt","AC-1 [EC-0 happy]: Given live stack đã chạy; When thực hiện lần lượt các checkpoint T-461-05, T-465-09, T-478-05, T-483-07, T-490-05, T-493-07; Then mỗi checkpoint có kết quả đạt hoặc có phiếu lỗi được mở kèm ảnh chụp màn hình.
AC-2: Given kiểm tra a11y trong các checkpoint; Then ghi nhận số lỗi axe mức serious và critical cho từng màn hình làm số nền cho hạng mục a11y.","Kết quả là đầu vào cho epic E08"
"TCK-B010","E03 Hạ tầng kiểm thử","CI bắt buộc có Postgres, biến t.Skip hạ tầng thành lỗi","Đội phát triển","Kiểm thử","MUST","Đợt 0","S","R10","-","Chấm dứt tình trạng test integration pass rỗng che giấu lỗi hồi quy","AC-1 [EC-0 happy]: Given CI có biến môi trường CI=true; When một test gọi t.Skip vì thiếu DSN; Then test báo lỗi thay vì bỏ qua.
AC-2 [EC-0 happy]: Given chạy trên máy lập trình viên không có Postgres; When chạy bộ test; Then vẫn bỏ qua như hiện nay và in cảnh báo rõ ràng.
AC-3: Given CI đã cấu hình dịch vụ Postgres; When chạy toàn bộ bộ test ticket; Then 0 test bị bỏ qua vì lý do hạ tầng.","10 điểm t.Skip hiện tại trong module ticket"
"TCK-B011","E03 Hạ tầng kiểm thử","Nhúng axe-core cục bộ, gỡ phụ thuộc CDN","QA","Kiểm thử","SHOULD","Đợt 0","S","R17","-","Test a11y hiện tự bỏ qua khi không tải được thư viện, có thể không chạy mà không ai biết","AC-1 [EC-0 happy]: Given không có kết nối internet; When chạy test a11y màn Danh mục; Then test vẫn chạy đầy đủ và không bỏ qua.
AC-2 [EC-11 failure]: Given thư viện a11y không nạp được vì bất kỳ lý do gì; When chạy test; Then test báo lỗi thay vì bỏ qua im lặng.","Thêm axe-core vào devDependencies"
"TCK-B012","E03 Hạ tầng kiểm thử","Làm mới template cơ sở dữ liệu kiểm thử","Đội phát triển","Hạ tầng","SHOULD","Đợt 0","S","R16","-","Đóng 19 lỗi giả trong phase 493 do bản sao DB test thiếu migration","AC-1 [EC-0 happy]: Given template DB test được làm mới; When chạy toàn bộ bộ test backend trên bản clone mới; Then 0 lỗi thuộc nhóm thiếu cột hoặc thiếu bảng.
AC-2 [EC-12 migration]: Given có migration mới được thêm; When chạy script làm mới; Then template được cập nhật tự động mà không cần thao tác tay.","Đóng carve-out CO-493-drift"
"TCK-B013","E03 Hạ tầng kiểm thử","Nâng độ phủ kiểm thử tầng repository ticket từ 40 phần trăm lên 65 phần trăm","Đội phát triển","Kiểm thử","SHOULD","Đợt 1","L","R10","TCK-B010","Tầng repository chứa toàn bộ logic phân trang keyset, lọc kết hợp và điều kiện tầm nhìn dữ liệu - nơi dễ phát sinh rò rỉ dữ liệu giữa phòng ban nhất","AC-1 [EC-0 happy]: Given bộ test repository ticket; When chạy đo độ phủ; Then đạt tối thiểu 65 phần trăm và ngưỡng sàn được ghi vào cấu hình ratchet.
AC-2 [EC-5 authz]: Given người dùng thuộc phòng ban A; When gọi hàm truy vấn danh sách với mọi tổ hợp bộ lọc hiện có; Then không có tổ hợp nào trả về ticket ngoài phạm vi tầm nhìn được phép.
AC-3 [EC-2 boundary]: Given phân trang keyset; When con trỏ ở phần tử đầu, phần tử cuối và khi danh sách rỗng; Then kết quả đúng ở cả 3 trường hợp biên.","Ưu tiên ticket_repository_impl và các hàm điều kiện tầm nhìn"
"TCK-B014","E04 Đính kèm tệp","Mô hình dữ liệu và API tải lên đính kèm cho ticket","Người dùng cuối","Tính năng","MUST","Đợt 1","M","R2","-","Tính năng nền tảng của mọi hệ ITSM; hiện người dùng không gửi được ảnh lỗi, log hay chứng từ","BR-1: Đính kèm luôn thuộc về đúng một ticket hoặc đúng một bình luận, không bao giờ thuộc cả hai.
AC-1 [EC-0 happy]: Given người dùng có quyền xem ticket; When tải lên một tệp PNG 2MB; Then trả 201 kèm mã đính kèm, tên tệp gốc, kích thước và người tải lên, và bản ghi xuất hiện trong danh sách đính kèm của ticket.
AC-2 [EC-2 boundary]: Given giới hạn kích thước là 25MB; When tải lên tệp 25MB; Then thành công; When tải lên tệp 25MB cộng 1 byte; Then trả 413 với mã lỗi ATTACHMENT_TOO_LARGE.
AC-3 [EC-5 authz]: Given người dùng không nhìn thấy ticket theo quy tắc tầm nhìn hiện có; When gọi API tải lên hoặc tải xuống; Then trả 403.
AC-4 [EC-8 dangling]: Given ticket bị xoá; When truy cập đính kèm của nó; Then trả 404 và tệp vật lý được đưa vào hàng đợi dọn dẹp.","Bảng ticket_attachments; lưu trữ theo cấu hình hiện có của hệ thống"
"TCK-B015","E04 Đính kèm tệp","Đính kèm trong bình luận, phân biệt công khai và nội bộ","Nhân viên xử lý","Tính năng","MUST","Đợt 1","M","R2","TCK-B014","Ngăn rò rỉ tài liệu nội bộ ra người yêu cầu - rủi ro bảo mật nếu làm sai","BR-2: Đính kèm gắn với bình luận nội bộ kế thừa tính nội bộ của bình luận đó và không bao giờ hiển thị cho người yêu cầu.
AC-1 [EC-0 happy]: Given nhân viên đính kèm tệp vào một bình luận công khai; When người yêu cầu mở ticket; Then thấy và tải được tệp đó.
AC-2 [EC-5 authz]: Given nhân viên đính kèm tệp vào một ghi chú nội bộ; When người yêu cầu mở ticket hoặc gọi thẳng API tải xuống bằng mã đính kèm; Then trả 403 và tệp không xuất hiện trong danh sách của họ.
AC-3 [EC-7 state]: Given một bình luận nội bộ được chuyển thành công khai; When chuyển; Then hệ thống cảnh báo rõ ràng rằng N tệp đính kèm cũng sẽ trở nên công khai và yêu cầu xác nhận.","Kế thừa cờ is_internal của ticket_comments"
"TCK-B016","E04 Đính kèm tệp","Giao diện kéo thả, dán ảnh và xem trước","Người dùng cuối","UX","MUST","Đợt 1","M","R2","TCK-B014","Ảnh chụp màn hình là loại đính kèm phổ biến nhất trong ITSM; dán trực tiếp giảm ma sát đáng kể","AC-1 [EC-0 happy]: Given người dùng đang ở ô soạn bình luận; When dán ảnh từ clipboard; Then ảnh được tải lên và hiện thumbnail xem trước trước khi gửi.
AC-2 [EC-0 happy]: Given người dùng kéo 3 tệp vào vùng thả; When thả; Then cả 3 được tải lên song song với thanh tiến trình riêng cho từng tệp.
AC-3 [EC-11 failure]: Given một trong 3 tệp tải lên thất bại; When kết thúc; Then 2 tệp thành công vẫn được giữ và tệp lỗi hiện nút thử lại.
AC-4: Given danh sách đính kèm; When kiểm tra bằng axe-core; Then 0 lỗi mức serious và vùng thả có nhãn cho trình đọc màn hình.","Không dùng thư viện ngoài ngoài danh sách CDN được phép"
"TCK-B017","E04 Đính kèm tệp","Kiểm soát loại tệp và quét an toàn","Quản trị viên bảo mật","Bảo mật","MUST","Đợt 1","M","R2","TCK-B014","Cho phép tải tệp tuỳ ý lên hệ thống nội bộ là bề mặt tấn công mới cần được kiểm soát ngay từ đầu","AC-1 [EC-3 invalid]: Given danh sách loại tệp cho phép được cấu hình; When tải lên tệp có phần mở rộng ngoài danh sách; Then trả 415 với mã lỗi ATTACHMENT_TYPE_NOT_ALLOWED.
AC-2 [EC-3 invalid]: Given một tệp thực thi được đổi tên thành đuôi png; When tải lên; Then bị từ chối dựa trên magic byte chứ không dựa vào phần mở rộng.
AC-3 [EC-5 authz]: Given một tệp SVG chứa mã script; When phục vụ tệp cho trình duyệt; Then trả về với Content-Disposition attachment và Content-Type an toàn, không bao giờ render nội tuyến.
AC-4 [EC-11 failure]: Given dịch vụ quét mã độc không phản hồi; When tải lên; Then đính kèm ở trạng thái chờ quét, không tải xuống được, và có nhật ký cảnh báo.","Áp dụng nguyên tắc phục vụ tệp từ domain riêng nếu hạ tầng cho phép"
"TCK-B018","E04 Đính kèm tệp","Chính sách lưu trữ và dọn dẹp đính kèm mồ côi","Quản trị viên hệ thống","Vận hành","COULD","Đợt 1","S","R2","TCK-B014","Kiểm soát chi phí lưu trữ và tuân thủ chính sách giữ dữ liệu","AC-1 [EC-0 happy]: Given một đính kèm đã tải lên nhưng bình luận chưa bao giờ được gửi; When quá 24 giờ; Then tác vụ nền xoá tệp và bản ghi.
AC-2 [EC-6 concurrency]: Given tác vụ dọn dẹp đang chạy; When cùng lúc người dùng gửi bình luận gắn tệp đó; Then tệp không bị xoá nhầm.","Tái dùng cơ chế khoá phân tán JobLocker đã có"
"TCK-B019","E05 Giao tiếp bên ngoài","Kênh email gửi ra cho người yêu cầu bên ngoài","Khách hàng bên ngoài","Tính năng","MUST","Đợt 1","L","R3","-","Hiện hệ thống cho nhập khách ngoài kèm email nhưng không bao giờ gửi được thông báo cho họ - tính năng nửa vời tạo kỳ vọng sai cho người vận hành","BR-3: Người yêu cầu không có tài khoản nội bộ nhận thông báo qua email; người yêu cầu nội bộ tiếp tục nhận qua thông báo trong hệ thống và Lark như hiện tại.
AC-1 [EC-0 happy]: Given ticket có requester_email và không có requester_user_id; When ticket được tạo, có bình luận công khai mới, chuyển sang resolved hoặc closed; Then email được gửi tới đúng địa chỉ đó cho từng sự kiện.
AC-2 [EC-5 authz]: Given một ghi chú nội bộ được thêm; When xử lý thông báo; Then không có email nào được gửi ra ngoài.
AC-3 [EC-11 failure]: Given dịch vụ gửi email lỗi; When gửi; Then thử lại tối đa 3 lần theo cấp số nhân rồi ghi nhật ký thất bại, và luồng nghiệp vụ của ticket không bị chặn.
AC-4 [EC-4 duplicate]: Given cùng một sự kiện được xử lý hai lần; When gửi; Then chỉ đúng một email được gửi đi.","Gỡ giới hạn được ghi trong ticket_comment_service về việc requester ngoài không thể nhận thông báo"
"TCK-B020","E05 Giao tiếp bên ngoài","Liên kết tra cứu ticket bằng token cho khách ngoài","Khách hàng bên ngoài","Tính năng","SHOULD","Đợt 1","M","R3","TCK-B019","Bước đệm chi phí thấp thay cho một cổng khách hàng đầy đủ; cho phép khách theo dõi tiến độ mà không cần tài khoản","AC-1 [EC-0 happy]: Given email thông báo gửi cho khách ngoài; When khách bấm liên kết tra cứu; Then thấy trang chỉ đọc gồm mã ticket, trạng thái, các bình luận công khai và ô trả lời.
AC-2 [EC-5 authz]: Given token của ticket A; When dùng để truy cập ticket B; Then trả 403.
AC-3 [EC-9 time]: Given token có hạn dùng 30 ngày; When truy cập sau khi hết hạn; Then hiển thị trang hết hạn kèm nút yêu cầu gửi lại liên kết.
AC-4 [EC-5 authz]: Given trang tra cứu; When có ghi chú nội bộ trên ticket; Then không có nội dung nội bộ nào xuất hiện trong mã nguồn trang.","Route ngoài nhóm cần xác thực; token ký có hạn, không lưu mật khẩu"
"TCK-B021","E05 Giao tiếp bên ngoài","Đánh giá hài lòng cho khách hàng bên ngoài","Khách hàng bên ngoài","Tính năng","SHOULD","Đợt 1","S","R3","TCK-B020","Hiện chỉ số CSAT chỉ thu được từ người dùng nội bộ, làm sai lệch bức tranh chất lượng dịch vụ","AC-1 [EC-0 happy]: Given ticket của khách ngoài chuyển sang closed; When gửi email đóng ticket; Then email chứa liên kết chấm điểm 1 tới 5.
AC-2 [EC-4 duplicate]: Given khách đã chấm điểm; When mở lại liên kết chấm điểm; Then hiển thị điểm đã chấm ở chế độ chỉ đọc và không cho chấm lại.
AC-3: Given báo cáo CSAT; When lọc theo loại người yêu cầu; Then tách được chỉ số của khách ngoài và người dùng nội bộ.","Tái dùng endpoint CSAT hiện có với lớp xác thực bằng token"
"TCK-B022","E06 Đúng đắn engine","Khoá bi quan khi tự resolve và tự đóng ticket cha","Người yêu cầu","Sửa lỗi","MUST","Đợt 1","M","R8","-","Hai ticket con đóng gần như đồng thời có thể sinh sự kiện và thông báo trùng, gây nhiễu cho người yêu cầu","BR-4: Việc kiểm tra và cập nhật trạng thái ticket cha phải diễn ra trong cùng một giao dịch có khoá dòng.
AC-1 [EC-6 concurrency]: Given ticket cha có 2 con cuối cùng; When cả 2 con được đóng đồng thời trong test chạy song song 50 lần; Then đúng 1 sự kiện chuyển trạng thái cha và đúng 1 thông báo được sinh ra trong mọi lần chạy.
AC-2 [EC-0 happy]: Given luồng đóng tuần tự thông thường; When con cuối cùng đóng; Then hành vi không đổi so với hiện tại.","Áp dụng SELECT FOR UPDATE cho cả autoResolveParent và autoCloseParentIfAllChildrenClosed"
"TCK-B023","E06 Đúng đắn engine","Cho quét SLA đi qua đường điều phối quy trình","Người yêu cầu","Sửa lỗi","MUST","Đợt 1","S","R9","-","Ticket con bị tự đóng bởi quét SLA 7 ngày hiện không kích hoạt tự đóng ticket cha, khiến ticket cha treo vô thời hạn","AC-1 [EC-0 happy]: Given ticket cha có đúng 1 con đang mở; When quét SLA tự đóng con đó vì quá 7 ngày; Then ticket cha cũng được tự đóng và sinh đúng 1 thông báo cho người yêu cầu.
AC-2 [EC-7 state]: Given ticket cha còn con khác chưa đóng; When quét SLA đóng một con; Then ticket cha giữ nguyên trạng thái.
AC-3 [EC-12 migration]: Given các ticket cha đang treo do lỗi này từ trước; When chạy script đối soát một lần; Then chúng được đưa về trạng thái đúng và có nhật ký liệt kê từng ticket được sửa.","Cho sla_service.autoClose gọi propagateSubOrchestration thay vì ghi thẳng SetStatus"
"TCK-B024","E06 Đúng đắn engine","Backend chặn gán người xử lý cho ticket cha","Nhân viên xử lý","Sửa lỗi","SHOULD","Đợt 1","S","R14","-","Giao diện đã chặn nhưng backend vẫn chấp nhận, để lại lỗ hổng cho client cũ hoặc gọi API trực tiếp","BR-5: Ticket kind=process không bao giờ có người xử lý trực tiếp; người xử lý chỉ tồn tại ở ticket con.
AC-1 [EC-7 state]: Given một ticket cha kiểu quy trình; When gọi API gán người xử lý; Then trả 409 với mã lỗi ASSIGN_ON_PROCESS_PARENT.
AC-2 [EC-0 happy]: Given một ticket lá; When gán người xử lý; Then thành công như hiện tại.
AC-3 [EC-12 migration]: Given dữ liệu cũ có ticket cha đã bị gán người; When chạy đối soát; Then liệt kê ra để đội vận hành xử lý, không tự động xoá.","Khoảng trống đã ghi nhận và cố ý hoãn ở phase 479"
"TCK-B025","E07 Thống nhất phân quyền","Chuyển điều kiện gán người xử lý từ phòng ban sang nhóm hỗ trợ","Nhân viên xử lý","Nợ kỹ thuật","MUST","Đợt 1","M","R13","-","Hiện chuyển bước phân quyền theo nhóm còn gán người lại chặn theo phòng ban; vận hành gặp tình huống được chuyển bước nhưng không gán được người","BR-6: Ứng viên hợp lệ để gán một ticket là thành viên của nhóm hỗ trợ gắn với danh mục của ticket đó, không phụ thuộc phòng ban.
AC-1 [EC-0 happy]: Given ticket thuộc danh mục có nhóm hỗ trợ G; When lấy danh sách người có thể gán; Then trả đúng tập thành viên của G, kể cả người thuộc phòng ban khác.
AC-2 [EC-5 authz]: Given một người không thuộc nhóm G; When gán ticket cho người đó; Then trả 403 với mã lỗi ASSIGNEE_NOT_IN_GROUP.
AC-3 [EC-8 dangling]: Given danh mục chưa gán nhóm; When lấy danh sách người có thể gán; Then trả danh sách rỗng kèm thông điệp hướng dẫn cấu hình nhóm, không rơi về hành vi cũ theo phòng ban.
AC-4 [EC-12 migration]: Given ma trận phân quyền hồi quy hiện có; When chạy lại toàn bộ; Then không có trường hợp nào bị nới lỏng quyền ngoài chủ ý.","Sửa assignTicket; hạng mục này phụ thuộc dữ liệu nhóm nên phải sau TCK-B001"
"TCK-B026","E07 Thống nhất phân quyền","Bộ kiểm thử hồi quy ma trận vai trò và hành động","QA","Kiểm thử","SHOULD","Đợt 1","M","R13","TCK-B025","Bảo vệ 40 quyền chi tiết khỏi trôi lệch khi thay đổi mô hình phân quyền","AC-1 [EC-5 authz]: Given ma trận đầy đủ vai trò nhân với hành động của module ticket; When chạy bộ test; Then mỗi ô có kết quả cho phép hoặc từ chối được khẳng định tường minh, không có ô nào bỏ trống.
AC-2: Given thêm một quyền mới; When chạy bộ test; Then test trượt cho tới khi ma trận được bổ sung ô tương ứng.","Mở rộng ticket_v2_authz_matrix_test hiện có"
"TCK-B027","E08 Khả năng tiếp cận","Sửa bảng màu tầng giao diện dùng chung đạt chuẩn WCAG AA","Người dùng khiếm thị màu","Chất lượng","MUST","Đợt 1","L","R7","TCK-B009","Phase 486 dừng ở PARTIAL vì 28 lỗi tương phản; nguyên nhân gốc là nợ toàn dự án từ v2.0.0 chưa đóng","AC-1 [EC-0 happy]: Given trang chi tiết ticket cha, ticket con và danh mục; When quét bằng axe-core ở cả nền sáng và tối; Then 0 lỗi mức serious và critical.
AC-2: Given bảng màu được sửa ở tầng app-shell dùng chung; When quét 3 màn hình bất kỳ của module khác; Then số lỗi tương phản không tăng so với trước khi sửa.
AC-3: Given mọi trạng thái ticket có chip màu; When kiểm tra; Then thông tin trạng thái không chỉ truyền tải bằng màu mà còn bằng nhãn chữ.","Sửa ở tầng biến CSS dùng chung, không vá riêng trang ticket"
"TCK-B028","E08 Khả năng tiếp cận","Cổng kiểm tra a11y trong CI","QA","Kiểm thử","SHOULD","Đợt 1","M","R7","TCK-B027","Ngăn nợ a11y tích tụ trở lại sau khi đã trả xong","AC-1 [EC-0 happy]: Given một pull request làm tăng số lỗi axe mức serious trên bất kỳ màn hình ticket nào; When chạy CI; Then cổng trượt và in ra tên màn hình cùng số lỗi tăng thêm.
AC-2: Given số lỗi giảm; When chạy CI; Then ngưỡng nền được tự động siết xuống mức mới.","Cơ chế ratchet giống ngưỡng độ phủ đang dùng"
"TCK-B029","E09 Tiếp nhận đa kênh","Thay trường kênh bằng trường nguồn với 6 giá trị","Quản lý dịch vụ","Dữ liệu","MUST","Đợt 2","M","R12","-","Trường kênh hiện chỉ có 3 giá trị và gần như 100 phần trăm ticket mang giá trị erp, khiến báo cáo theo kênh vô nghĩa","AC-1 [EC-12 migration]: Given dữ liệu hiện có với channel thuộc erp, lark, email; When chạy migration; Then mọi bản ghi được ánh xạ sang source tương ứng và không có bản ghi nào mang giá trị null.
AC-2 [EC-0 happy]: Given tạo ticket từ giao diện web; When không chỉ định nguồn; Then nguồn mặc định là erp_web.
AC-3 [EC-3 invalid]: Given gọi API với giá trị nguồn ngoài tập cho phép; When tạo ticket; Then trả 400 với mã lỗi INVALID_SOURCE.
AC-4 [EC-12 migration]: Given client cũ vẫn gửi trường channel; When nhận request; Then hệ thống chấp nhận và ánh xạ trong ít nhất một chu kỳ phát hành.","Tập giá trị đề xuất: erp_web, email, phone, chat, lark, walk_in"
"TCK-B030","E09 Tiếp nhận đa kênh","Thu nhận email thành ticket","Nhân viên tiếp nhận","Tính năng","MUST","Đợt 2","XL","R12","TCK-B029","Kênh tiếp nhận phổ biến nhất trong ITSM; hiện hoàn toàn không có cơ chế thu nhận dù enum đã có giá trị email","AC-1 [EC-0 happy]: Given một email gửi tới hộp thư dịch vụ; When bộ thu nhận xử lý; Then một ticket mới được tạo với nguồn email, tiêu đề lấy từ subject, mô tả lấy từ phần thân đã lọc chữ ký, và người yêu cầu được khớp theo địa chỉ gửi.
AC-2 [EC-8 dangling]: Given địa chỉ gửi không khớp người dùng nội bộ nào; When tạo ticket; Then ticket được tạo với người yêu cầu bên ngoài gồm tên và email lấy từ header.
AC-3 [EC-0 happy]: Given email có tệp đính kèm; When xử lý; Then các tệp trở thành đính kèm của ticket theo đúng quy tắc kiểm soát loại và kích thước.
AC-4 [EC-11 failure]: Given hộp thư không truy cập được; When bộ thu nhận chạy; Then ghi nhật ký lỗi, thử lại theo lịch và không mất email khi hộp thư trở lại.
AC-5 [EC-10 scale]: Given 500 email tồn trong hộp thư; When xử lý; Then hoàn tất trong dưới 10 phút và không tạo bản ghi trùng.","Phụ thuộc epic đính kèm E04"
"TCK-B031","E09 Tiếp nhận đa kênh","Ghép email trả lời vào đúng ticket đang mở","Người yêu cầu","Tính năng","MUST","Đợt 2","L","R12","TCK-B030","Không có ghép luồng thì mỗi lần khách trả lời lại sinh một ticket mới, làm nhiễu hàng chờ","BR-7: Email trả lời được ghép vào ticket gốc dựa trên header tham chiếu, và chỉ khi ticket chưa ở trạng thái terminal.
AC-1 [EC-0 happy]: Given một email trả lời có header In-Reply-To trỏ tới thông báo của ticket TCK-100; When xử lý; Then nội dung trở thành bình luận công khai của TCK-100 chứ không tạo ticket mới.
AC-2 [EC-7 state]: Given ticket TCK-100 đã đóng quá 14 ngày; When nhận email trả lời; Then tạo ticket mới có liên kết tham chiếu tới TCK-100.
AC-3 [EC-3 invalid]: Given email trả lời không có header tham chiếu nhưng subject chứa mã TCK-100; When xử lý; Then vẫn ghép đúng vào TCK-100.
AC-4 [EC-11 failure]: Given email tự động trả lời kiểu vắng mặt; When xử lý; Then không tạo bình luận và không kích hoạt vòng lặp gửi thư.","Xử lý header Auto-Submitted và Precedence"
"TCK-B032","E10 Phân loại và cộng tác","Hệ thống nhãn cho ticket","Nhân viên xử lý","Tính năng","SHOULD","Đợt 2","M","-","-","Cây danh mục cứng không đủ để phân loại chéo; nhãn cho phép nhóm ticket theo chủ đề phát sinh như một sự cố diện rộng","AC-1 [EC-0 happy]: Given người dùng có quyền gắn nhãn; When gắn 3 nhãn cho một ticket; Then cả 3 hiển thị trên chi tiết và lọc được ở danh sách.
AC-2 [EC-4 duplicate]: Given nhãn Mạng đã tồn tại; When tạo nhãn mạng viết thường; Then hệ thống nhận diện trùng không phân biệt hoa thường và trả 409.
AC-3 [EC-2 boundary]: Given giới hạn 10 nhãn mỗi ticket; When gắn nhãn thứ 11; Then trả 400 với mã lỗi TAG_LIMIT_EXCEEDED.
AC-4 [EC-10 scale]: Given 100 nghìn ticket và 500 nhãn; When lọc theo 2 nhãn kết hợp; Then phản hồi dưới 500ms.","Hai bảng: ticket_tags và bảng ánh xạ"
"TCK-B033","E10 Phân loại và cộng tác","Người theo dõi ticket","Nhân viên liên quan","Tính năng","SHOULD","Đợt 2","M","-","TCK-B019","Hiện chỉ người yêu cầu và người xử lý nhận thông báo; các bên liên quan khác phải hỏi thủ công","AC-1 [EC-0 happy]: Given người dùng bấm theo dõi một ticket; When ticket có bình luận công khai hoặc đổi trạng thái; Then người đó nhận thông báo giống người yêu cầu.
AC-2 [EC-5 authz]: Given người dùng không có quyền xem ticket theo quy tắc tầm nhìn; When cố thêm mình làm người theo dõi; Then trả 403.
AC-3 [EC-5 authz]: Given người theo dõi không phải nhân viên xử lý; When ticket có ghi chú nội bộ; Then không nhận thông báo về ghi chú đó.
AC-4 [EC-8 dangling]: Given người theo dõi bị vô hiệu hoá tài khoản; When gửi thông báo; Then bỏ qua người đó và không sinh lỗi.","-"
"TCK-B034","E10 Phân loại và cộng tác","Liên kết giữa các ticket","Nhân viên xử lý","Tính năng","COULD","Đợt 2","M","-","-","Cần thiết để gộp các ticket trùng trong sự cố diện rộng và để thể hiện quan hệ chặn giữa các yêu cầu","AC-1 [EC-0 happy]: Given hai ticket A và B; When tạo liên kết loại trùng lặp từ A tới B; Then cả hai chi tiết đều hiển thị liên kết với chiều đúng.
AC-2 [EC-4 duplicate]: Given liên kết A tới B đã tồn tại; When tạo lại cùng loại; Then trả 409.
AC-3 [EC-3 invalid]: Given liên kết loại chặn; When tạo chuỗi A chặn B và B chặn A; Then trả 400 với mã lỗi LINK_CYCLE_DETECTED.
AC-4 [EC-8 dangling]: Given ticket B bị xoá; When mở ticket A; Then liên kết hiển thị ở trạng thái không còn hiệu lực chứ không gây lỗi trang.","-"
"TCK-B035","E10 Phân loại và cộng tác","Lý do tạm hoãn và mã lý do giải quyết chuẩn hoá","Quản lý dịch vụ","Tính năng","COULD","Đợt 2","S","-","-","Hiện chỉ có trường resolution dạng văn bản tự do nên không thống kê được nguyên nhân theo nhóm","AC-1 [EC-0 happy]: Given nhân viên chuyển ticket sang trạng thái chờ; When chuyển; Then bắt buộc chọn một lý do tạm hoãn từ danh sách cấu hình được.
AC-2 [EC-0 happy]: Given nhân viên chuyển ticket sang resolved; When chuyển; Then bắt buộc chọn mã lý do giải quyết và nhập mô tả tối thiểu 10 ký tự.
AC-3: Given báo cáo; When xem phân rã theo mã lý do giải quyết; Then hiển thị đúng tỷ trọng theo từng mã trong khoảng thời gian đã chọn.","Bổ sung bảng danh mục lý do; giữ trường resolution hiện có làm mô tả"
"TCK-B036","E11 Tự phục vụ và tri thức","Cổng tự phục vụ đơn giản hoá cho nhân viên","Nhân viên toàn công ty","Tính năng","SHOULD","Đợt 2","L","-","TCK-B001","Form tạo ticket hiện hướng tới người vận hành; nhân viên thường không biết chọn danh mục nào, dẫn tới ticket bị định tuyến sai","AC-1 [EC-0 happy]: Given nhân viên mở cổng tự phục vụ; When tìm kiếm bằng từ khoá đời thường; Then hiển thị tối đa 5 danh mục dịch vụ phù hợp nhất kèm mô tả ngắn.
AC-2 [EC-1 empty]: Given từ khoá không khớp danh mục nào; When tìm kiếm; Then hiển thị lối vào tạo yêu cầu chung thay vì màn hình trắng.
AC-3 [EC-0 happy]: Given nhân viên chọn một danh mục; When mở form; Then chỉ hiển thị các trường thực sự cần cho danh mục đó, không hiển thị trường dành cho người vận hành.
AC-4 [EC-10 scale]: Given 234 danh mục; When tìm kiếm; Then phản hồi dưới 300ms.","-"
"TCK-B037","E11 Tự phục vụ và tri thức","Cơ sở tri thức và gợi ý bài viết khi tạo ticket","Nhân viên toàn công ty","Tính năng","COULD","Đợt 3","XL","-","TCK-B036","Giảm số ticket phải xử lý thủ công bằng cách trả lời trước các câu hỏi lặp lại","AC-1 [EC-0 happy]: Given nhân viên đang nhập tiêu đề yêu cầu; When dừng nhập 500ms; Then hiển thị tối đa 3 bài viết liên quan kèm nút đánh dấu đã giải quyết vấn đề của tôi.
AC-2 [EC-0 happy]: Given nhân viên bấm đã giải quyết; When bấm; Then ticket không được tạo và một bản ghi deflection được ghi nhận gắn với bài viết đó.
AC-3: Given báo cáo; When xem chỉ số deflection; Then hiển thị số lượt tránh được ticket theo từng bài viết trong kỳ.
AC-4 [EC-5 authz]: Given bài viết được đánh dấu nội bộ; When nhân viên thường tìm kiếm; Then bài viết đó không xuất hiện.","Có thể tách thành module riêng nếu phạm vi vượt module ticket"
"TCK-B038","E12 Tích hợp sâu ERP","Liên kết ticket với dự án và công việc","Quản lý dự án","Tích hợp","MUST","Đợt 3","L","-","-","Đây là điểm khác biệt cạnh tranh mà tài liệu nội bộ đã xác định nhưng chưa khai thác; không sản phẩm ITSM độc lập nào làm được vì họ không có module quản lý dự án trong cùng hệ","AC-1 [EC-0 happy]: Given một ticket và một công việc trong dự án; When liên kết chúng; Then chi tiết ticket hiển thị công việc liên quan và chi tiết công việc hiển thị ticket liên quan.
AC-2 [EC-5 authz]: Given người dùng không có quyền xem dự án đích; When chọn công việc để liên kết; Then danh sách không hiển thị công việc thuộc dự án đó.
AC-3 [EC-8 dangling]: Given công việc bị xoá; When mở ticket; Then liên kết hiển thị trạng thái không còn hiệu lực và không gây lỗi trang.
AC-4 [EC-0 happy]: Given ticket được liên kết với công việc; When công việc chuyển sang hoàn thành; Then người xử lý ticket nhận thông báo.","Đã có bảng Kanban ticket theo dự án từ phase 451 làm nền"
"TCK-B039","E12 Tích hợp sâu ERP","Ghi công theo ticket","Nhân viên xử lý","Tích hợp","MUST","Đợt 3","L","-","TCK-B038","Không đo được chi phí thực của dịch vụ nếu không ghi nhận thời gian bỏ ra cho từng ticket","AC-1 [EC-0 happy]: Given nhân viên đang xử lý ticket; When ghi 90 phút cho ngày hôm nay kèm mô tả; Then bản ghi công xuất hiện trên ticket và tổng thời gian của ticket được cập nhật.
AC-2 [EC-5 authz]: Given nhân viên A; When sửa bản ghi công của nhân viên B; Then trả 403 trừ khi A có quyền quản lý ghi công.
AC-3 [EC-9 time]: Given ghi công cho ngày trong tương lai; When lưu; Then trả 400 với mã lỗi WORKLOG_FUTURE_DATE.
AC-4 [EC-2 boundary]: Given tổng thời gian ghi trong một ngày vượt 24 giờ; When lưu; Then cảnh báo và yêu cầu xác nhận.
AC-5: Given báo cáo ticket; When xem theo nhân sự; Then hiển thị tổng giờ ghi công bên cạnh số ticket đã xử lý.","Cân nhắc tái dùng mô hình worklog của module quản lý dự án thay vì tạo mới"
"TCK-B040","E12 Tích hợp sâu ERP","Đồng bộ giờ ghi công ticket vào bảng chấm công","Nhân sự","Tích hợp","SHOULD","Đợt 3","M","-","TCK-B039","Tránh việc nhân viên phải nhập giờ hai lần ở hai module","AC-1 [EC-0 happy]: Given nhân viên ghi 90 phút cho một ticket ngày 05 tháng 8; When mở bảng chấm công ngày đó; Then dòng tương ứng xuất hiện với nguồn là ticket và không sửa được trực tiếp tại bảng chấm công.
AC-2 [EC-6 concurrency]: Given bản ghi công bị xoá ở ticket; When đồng bộ; Then dòng tương ứng ở bảng chấm công cũng bị gỡ.
AC-3 [EC-9 time]: Given kỳ chấm công đã khoá; When ghi công cho ngày thuộc kỳ đó; Then trả 409 với mã lỗi TIMESHEET_PERIOD_LOCKED.","Đã có quyền xem ticket trong timesheet từ migration 000260"
"TCK-B041","E12 Tích hợp sâu ERP","Danh mục tài sản gắn với sự cố","Quản lý dịch vụ","Tích hợp","COULD","Đợt 3","XL","-","-","Hoàn thiện vòng ITIL: biết sự cố xảy ra trên tài sản nào để phân tích nguyên nhân gốc và đánh giá tác động","AC-1 [EC-0 happy]: Given một sự cố; When gắn tài sản bị ảnh hưởng; Then chi tiết tài sản hiển thị lịch sử toàn bộ sự cố liên quan.
AC-2 [EC-0 happy]: Given một tài sản có 5 sự cố trong 30 ngày; When mở báo cáo tài sản có vấn đề; Then tài sản đó xuất hiện trong danh sách xếp theo số sự cố giảm dần.
AC-3 [EC-8 dangling]: Given tài sản đã thanh lý; When gắn vào sự cố mới; Then cảnh báo nhưng vẫn cho phép, phục vụ mục đích ghi nhận lịch sử.","Phạm vi lớn; cân nhắc là module riêng và ticket chỉ tham chiếu"
"TCK-B042","E13 Sức khoẻ kiến trúc","Tách ticket_service.go thành các service theo chủ đề","Đội phát triển","Nợ kỹ thuật","SHOULD","Đợt 3","L","R6","TCK-B013","Tệp 1729 dòng này là điểm nghẽn của mọi phase và là nguồn xung đột merge chính","AC-1 [EC-0 happy]: Given việc tách hoàn tất; When đo kích thước; Then không tệp production nào trong module vượt 700 dòng.
AC-2 [EC-0 happy]: Given toàn bộ bộ test hiện có; When chạy sau khi tách; Then 100 phần trăm test qua mà không sửa nội dung test.
AC-3: Given kiểm tra parity route; When chạy; Then 0 thay đổi so với tệp golden.","Đề xuất tách theo: vòng đời, phân công, tầm nhìn dữ liệu, báo cáo"
"TCK-B043","E13 Sức khoẻ kiến trúc","Tách trang chi tiết ticket thành PageModel và các component con","Đội phát triển","Nợ kỹ thuật","SHOULD","Đợt 3","M","R6","-","Component Svelte 1221 dòng, lớn nhất toàn dự án, khó kiểm thử và khó sửa a11y","AC-1 [EC-0 happy]: Given việc tách hoàn tất; When đo; Then không tệp Svelte nào trong module vượt 300 dòng và cảnh báo max-lines biến mất.
AC-2 [EC-0 happy]: Given bộ test giao diện hiện có; When chạy; Then toàn bộ qua và độ phủ frontend không giảm dưới ngưỡng sàn 70 phần trăm.","Áp dụng cùng mẫu PageModel đã dùng ở các trang khác"
"TCK-B044","E13 Sức khoẻ kiến trúc","Xoá mã chết còn tồn","Đội phát triển","Nợ kỹ thuật","COULD","Đợt 3","S","R15","-","Trường lọc scope và unassigned không còn được giao diện dùng nhưng vẫn tồn tại ở cả hai phía","AC-1 [EC-0 happy]: Given việc xoá hoàn tất; When tìm kiếm toàn bộ mã nguồn; Then không còn tham chiếu tới các trường lọc đã bỏ.
AC-2: Given bộ test; When chạy; Then toàn bộ qua và không có endpoint nào thay đổi hành vi.","Đã ghi nhận và cố ý hoãn ở phase 490"
"TCK-B045","E13 Sức khoẻ kiến trúc","Cập nhật tài liệu thiết kế cho khớp kiến trúc thực tế","Đội phát triển","Tài liệu","SHOULD","Đợt 3","S","R11","-","Kế hoạch gốc quyết định bỏ nhóm hỗ trợ nhưng thực tế từ phase 460 nhóm đã trở thành trung tâm phân công; người mới đọc sẽ hiểu sai kiến trúc","AC-1 [EC-0 happy]: Given tài liệu kế hoạch module ticket; When rà soát; Then mọi quyết định đã bị đảo ngược được đánh dấu rõ kèm số phase đã đảo ngược nó.
AC-2: Given sơ đồ kiến trúc; When đối chiếu với mã nguồn; Then mọi thực thể và quan hệ trong sơ đồ đều tồn tại trong lược đồ dữ liệu hiện tại.","Đồng thời xoá chú thích lỗi thời về phase 372 trong entity ticket"
"TCK-B046","E13 Sức khoẻ kiến trúc","Cổng CI giới hạn kích thước tệp","Đội phát triển","Nợ kỹ thuật","COULD","Đợt 3","S","R6","TCK-B042","Ngăn hình thành god object mới sau khi đã tách xong","AC-1 [EC-0 happy]: Given một pull request tạo ra tệp production vượt ngưỡng; When chạy CI; Then cổng trượt và in ra tên tệp cùng số dòng.
AC-2: Given tệp đã vượt ngưỡng từ trước và chưa tách; When chạy CI; Then được miễn trừ theo danh sách ghi rõ, không chặn công việc khác.","Cơ chế ratchet, danh sách miễn trừ thu hẹp dần"
"TCK-B047","E14 Vòng đời dữ liệu","Xoá mềm ticket","Quản trị viên hệ thống","Tính năng","SHOULD","Đợt 3","M","-","-","Hiện xoá ticket là xoá vĩnh viễn, không khôi phục được khi thao tác nhầm và mất dấu vết kiểm toán","AC-1 [EC-0 happy]: Given người dùng có quyền xoá; When xoá một ticket; Then ticket biến khỏi mọi danh sách và báo cáo nhưng bản ghi vẫn tồn tại với dấu thời gian xoá.
AC-2 [EC-5 authz]: Given quản trị viên; When mở thùng rác; Then thấy ticket đã xoá và khôi phục được về đúng trạng thái trước khi xoá.
AC-3 [EC-4 duplicate]: Given một ticket đã xoá mềm có mã TCK-100; When tạo ticket mới; Then mã mới không bao giờ tái sử dụng TCK-100.
AC-4 [EC-7 state]: Given ticket cha bị xoá mềm; When kiểm tra ticket con; Then các con cũng được xoá mềm theo và khôi phục cùng nhau.","Ảnh hưởng mọi truy vấn danh sách và báo cáo; cần rà kỹ điều kiện lọc"
"TCK-B048","E14 Vòng đời dữ liệu","Chính sách lưu trữ và ẩn danh dữ liệu ticket","Cán bộ tuân thủ","Tuân thủ","COULD","Đợt 3","L","-","TCK-B047","Ticket chứa thông tin cá nhân của người yêu cầu bên ngoài; cần chính sách giữ và xoá rõ ràng","AC-1 [EC-0 happy]: Given chính sách giữ dữ liệu 36 tháng; When ticket đóng quá 36 tháng; Then thông tin cá nhân của người yêu cầu bên ngoài được ẩn danh trong khi số liệu thống kê được giữ nguyên.
AC-2 [EC-0 happy]: Given yêu cầu xoá dữ liệu của một cá nhân; When thực hiện; Then mọi ticket, bình luận và đính kèm liên quan tới cá nhân đó được ẩn danh và có nhật ký ghi lại thao tác.
AC-3: Given dữ liệu đã ẩn danh; When chạy báo cáo của các kỳ trước; Then tổng số liệu không thay đổi.","Cần quyết định chính sách từ phía nghiệp vụ trước khi triển khai"
"TCK-B049","E14 Vòng đời dữ liệu","Nhật ký truy cập ticket có dữ liệu nhạy cảm","Cán bộ tuân thủ","Tuân thủ","COULD","Đợt 3","M","-","-","Cần biết ai đã xem ticket chứa thông tin nhạy cảm để phục vụ điều tra khi có sự cố lộ thông tin","AC-1 [EC-0 happy]: Given một ticket được đánh dấu nhạy cảm; When bất kỳ ai mở chi tiết; Then một bản ghi truy cập được tạo gồm người xem, thời điểm và địa chỉ IP.
AC-2 [EC-5 authz]: Given người dùng thường; When cố xem nhật ký truy cập; Then trả 403.
AC-3 [EC-10 scale]: Given ticket nhạy cảm có 1000 lượt xem; When mở nhật ký; Then phân trang và phản hồi dưới 500ms.","Tái dùng hạ tầng activity log hiện có"
